<profile version="1.0">
  <option name="myName" value="Liquid Design (CS)" />
  <inspection_tool class="Eslint" enabled="true" level="WARNING" enabled_by_default="true" />
  <inspection_tool class="HtmlUnknownAnchorTarget" enabled="false" level="WARNING" enabled_by_default="false" />
  <inspection_tool class="HtmlUnknownTarget" enabled="false" level="WARNING" enabled_by_default="false" />
  <inspection_tool class="JSUnresolvedLibraryURL" enabled="false" level="WARNING" enabled_by_default="false" />
  <inspection_tool class="PhpCSValidationInspection" enabled="true" level="WEAK WARNING" enabled_by_default="true">
    <option name="CODING_STANDARD" value="Custom" />
    <option name="CUSTOM_RULESET_PATH" value="C:/wamp64/www/codestyle/LqdCodingStandard/ruleset.xml" />
    <option name="INSTALLED_PATHS" value="C:\wamp64\www\codestyle" />
    <option name="EXTENSIONS" value="php" />
  </inspection_tool>
  <inspection_tool class="PhpFullyQualifiedNameUsageInspection" enabled="false" level="WARNING" enabled_by_default="false" />
  <inspection_tool class="PhpIllegalStringOffsetInspection" enabled="false" level="WARNING" enabled_by_default="false" />
  <inspection_tool class="PhpIncludeInspection" enabled="false" level="WARNING" enabled_by_default="false" />
  <inspection_tool class="PhpPluralMixedCanBeReplacedWithArrayInspection" enabled="false" level="WEAK WARNING" enabled_by_default="false" />
  <inspection_tool class="PhpStanFixerValidation" enabled="true" level="WEAK WARNING" enabled_by_default="true" />
  <inspection_tool class="PhpStanGlobal" enabled="true" level="WEAK WARNING" enabled_by_default="true">
    <option name="config" value="C:/wamp64/www/storm/phpstan.neon" />
  </inspection_tool>
  <inspection_tool class="PhpUnnecessaryFullyQualifiedNameInspection" enabled="false" level="WARNING" enabled_by_default="false" />
  <inspection_tool class="PhpUnused" enabled="true" level="WEAK WARNING" enabled_by_default="true" field_visibility="protected" method_visibility="protected" const_visibility="protected">
    <option name="CLASS" value="false" />
  </inspection_tool>
  <inspection_tool class="PhpUnusedParameterInspection" enabled="true" level="WARNING" enabled_by_default="true">
    <option name="DONT_REPORT_ANONYMOUS" value="true" />
  </inspection_tool>
  <inspection_tool class="SpellCheckingInspection" enabled="true" level="TYPO" enabled_by_default="true">
    <option name="processCode" value="true" />
    <option name="processLiterals" value="false" />
    <option name="processComments" value="false" />
  </inspection_tool>
  <inspection_tool class="SqlDialectInspection" enabled="false" level="WARNING" enabled_by_default="false" />
  <inspection_tool class="SqlErrorHandlingInspection" enabled="false" level="ERROR" enabled_by_default="false" />
  <inspection_tool class="SqlNoDataSourceInspection" enabled="false" level="WARNING" enabled_by_default="false" />
  <inspection_tool class="SqlStorageInspection" enabled="false" level="WARNING" enabled_by_default="false" />
</profile>